{
    "avg_cosine_similarity": 0.560233204131946,
    "avg_rouge1": 0.22446413511787935,
    "avg_rougeL": 0.15021119439843048,
    "avg_bleu": 0.019571288240601253,
    "avg_meteor": 0.1600936540072561
}