{
    "avg_cosine_similarity": 0.5344594284147024,
    "avg_rouge1": 0.22578099546116084,
    "avg_rougeL": 0.13966646115769682,
    "avg_bleu": 0.0035457213620230395,
    "avg_meteor": 0.1693486607181818
}