{
    "avg_cosine_similarity": 0.5311382855474949,
    "avg_rouge1": 0.21476396831612127,
    "avg_rougeL": 0.14141806939590795,
    "avg_bleu": 0.009226684267684276,
    "avg_meteor": 0.14918625780045955
}